,vhigh,vhigh.1,2,2.1,small,low,unacc
0,vhigh,vhigh,2,2,small,med,unacc
1,vhigh,vhigh,2,2,,high,unacc
2,vhigh,vhigh,2,2,med,low,unacc
3,vhigh,vhigh,,2,med,med,unacc
4,vhigh,vhigh,2,2,med,high,unacc
5,,,2,,big,low,unacc
6,vhigh,vhigh,2,2,big,med,unacc
7,vhigh,vhigh,2,2,big,high,unacc
8,,vhigh,2,4,small,low,unacc
9,vhigh,vhigh,2,4,small,med,unacc
10,vhigh,vhigh,2,4,small,high,unacc
11,vhigh,vhigh,2,4,med,low,unacc
12,vhigh,,2,4,med,med,unacc
13,vhigh,vhigh,2,4,med,high,unacc
14,vhigh,vhigh,2,4,big,low,unacc
15,vhigh,vhigh,2,4,big,med,unacc
16,,vhigh,2,4,big,high,unacc
17,vhigh,vhigh,2,more,small,low,unacc
18,vhigh,vhigh,2,more,small,med,unacc
19,vhigh,vhigh,,more,small,high,unacc
20,vhigh,vhigh,2,more,med,low,unacc
21,vhigh,vhigh,2,more,med,,unacc
22,vhigh,vhigh,2,more,med,,unacc
23,vhigh,vhigh,2,more,big,low,unacc
24,vhigh,vhigh,2,more,big,,unacc
25,,vhigh,2,more,big,high,unacc
26,vhigh,vhigh,3,,small,low,unacc
27,vhigh,vhigh,3,2,small,med,unacc
28,vhigh,vhigh,3,2,small,high,unacc
29,vhigh,,,2,,,unacc
30,vhigh,vhigh,3,2,med,med,unacc
31,vhigh,vhigh,3,2,med,high,unacc
32,vhigh,vhigh,3,2,big,low,unacc
33,vhigh,vhigh,3,2,big,med,unacc
34,vhigh,vhigh,3,,big,high,unacc
35,,vhigh,3,4,small,low,unacc
36,vhigh,vhigh,3,4,small,med,unacc
37,vhigh,,3,4,,high,unacc
38,vhigh,vhigh,3,4,med,low,unacc
39,vhigh,vhigh,3,4,med,med,unacc
40,vhigh,vhigh,3,4,med,high,unacc
41,vhigh,vhigh,3,4,big,low,unacc
42,vhigh,vhigh,3,,big,med,unacc
43,vhigh,vhigh,3,4,big,high,unacc
44,vhigh,vhigh,3,,small,low,unacc
45,vhigh,,3,more,small,med,unacc
46,vhigh,vhigh,3,,,high,unacc
47,vhigh,vhigh,3,more,med,low,unacc
48,vhigh,vhigh,3,more,med,med,unacc
49,vhigh,vhigh,,,,high,unacc
50,vhigh,vhigh,3,more,,,unacc
51,vhigh,,3,more,big,med,unacc
52,vhigh,vhigh,3,more,big,high,unacc
53,vhigh,vhigh,4,2,small,low,unacc
54,vhigh,vhigh,4,2,small,med,unacc
55,,vhigh,4,2,small,,unacc
56,vhigh,vhigh,4,2,med,low,unacc
57,vhigh,,,2,med,med,unacc
58,vhigh,vhigh,4,2,med,high,unacc
59,vhigh,,4,2,big,low,unacc
60,vhigh,vhigh,4,2,big,,unacc
61,vhigh,vhigh,4,2,big,high,unacc
62,vhigh,vhigh,4,4,,low,unacc
63,vhigh,,4,4,small,med,unacc
64,vhigh,vhigh,4,,small,high,unacc
65,vhigh,vhigh,4,4,med,low,unacc
66,vhigh,vhigh,4,4,,,unacc
67,vhigh,vhigh,4,4,med,high,unacc
68,vhigh,vhigh,4,4,big,low,unacc
69,vhigh,vhigh,4,4,big,med,unacc
70,vhigh,vhigh,4,4,big,high,unacc
71,vhigh,vhigh,4,more,small,low,unacc
72,vhigh,vhigh,4,,small,med,unacc
73,vhigh,,4,more,small,,unacc
74,vhigh,vhigh,4,more,med,low,unacc
75,,vhigh,4,more,,med,unacc
76,vhigh,vhigh,4,more,med,high,unacc
77,vhigh,vhigh,4,more,big,low,unacc
78,vhigh,vhigh,4,more,big,med,unacc
79,vhigh,vhigh,4,more,big,high,unacc
80,vhigh,vhigh,5more,2,small,low,unacc
81,vhigh,vhigh,5more,2,small,med,unacc
82,,vhigh,5more,2,small,high,unacc
83,vhigh,vhigh,5more,2,med,low,unacc
84,vhigh,vhigh,,2,med,med,unacc
85,vhigh,vhigh,5more,2,med,high,unacc
86,vhigh,vhigh,5more,2,big,low,unacc
87,vhigh,vhigh,5more,2,big,med,unacc
88,vhigh,vhigh,5more,,big,high,unacc
89,vhigh,vhigh,5more,4,small,low,unacc
90,vhigh,vhigh,5more,4,small,med,unacc
91,vhigh,vhigh,5more,4,small,high,unacc
92,vhigh,vhigh,5more,4,med,low,unacc
93,vhigh,vhigh,,4,,med,unacc
94,vhigh,vhigh,5more,4,med,high,unacc
95,vhigh,,5more,4,,,unacc
96,vhigh,vhigh,5more,4,,med,unacc
97,vhigh,vhigh,5more,4,big,high,unacc
98,vhigh,vhigh,5more,,small,low,unacc
99,vhigh,vhigh,5more,more,small,med,unacc
100,vhigh,vhigh,,more,small,high,unacc
101,vhigh,vhigh,5more,more,med,,unacc
102,,vhigh,5more,more,med,med,unacc
103,vhigh,vhigh,5more,more,med,high,unacc
104,vhigh,vhigh,5more,more,big,,unacc
105,vhigh,vhigh,5more,more,big,med,unacc
106,vhigh,vhigh,5more,more,big,high,unacc
107,vhigh,high,2,2,small,low,unacc
108,,high,2,2,small,med,unacc
109,vhigh,,2,2,small,high,unacc
110,vhigh,high,2,2,med,low,unacc
111,vhigh,high,2,2,med,med,unacc
112,,high,2,2,med,high,unacc
113,vhigh,high,2,2,big,low,unacc
114,vhigh,high,2,2,big,med,unacc
115,vhigh,high,2,2,,high,unacc
116,vhigh,,2,4,small,low,unacc
117,vhigh,high,2,4,,med,unacc
118,vhigh,high,2,4,small,high,unacc
119,vhigh,,2,,med,low,unacc
120,vhigh,high,2,4,med,med,unacc
121,vhigh,high,2,4,med,high,unacc
122,vhigh,high,2,4,,low,unacc
123,vhigh,high,2,4,big,med,unacc
124,vhigh,,2,,big,high,unacc
125,vhigh,high,2,more,small,low,unacc
126,vhigh,high,2,more,small,med,unacc
127,vhigh,high,2,,,,unacc
128,vhigh,high,2,more,med,,unacc
129,vhigh,high,,more,,med,unacc
130,vhigh,high,2,more,med,high,unacc
131,vhigh,high,2,more,big,low,unacc
132,vhigh,high,2,more,big,med,unacc
133,vhigh,high,,more,big,high,unacc
134,vhigh,,3,2,small,low,unacc
135,vhigh,high,3,2,small,med,unacc
136,vhigh,high,3,,small,high,unacc
137,vhigh,,3,,med,low,unacc
138,vhigh,,3,2,med,med,unacc
139,vhigh,,3,2,med,high,unacc
140,vhigh,high,3,2,big,low,unacc
141,vhigh,high,3,2,big,med,unacc
142,vhigh,high,,2,big,high,unacc
143,vhigh,high,3,4,small,low,unacc
144,vhigh,high,3,,small,med,unacc
145,vhigh,,3,4,small,high,unacc
146,vhigh,high,,4,med,low,unacc
147,vhigh,high,3,4,med,med,unacc
148,vhigh,high,,4,med,high,unacc
149,vhigh,high,3,4,big,low,unacc
150,vhigh,high,3,4,big,med,unacc
151,vhigh,high,3,4,big,high,unacc
152,vhigh,high,3,,small,low,unacc
153,,high,3,more,small,med,unacc
154,vhigh,high,3,more,small,high,unacc
155,vhigh,high,3,more,med,,unacc
156,,high,,more,med,med,unacc
157,,high,3,more,,high,unacc
158,vhigh,high,3,more,big,low,unacc
159,vhigh,high,3,more,big,med,unacc
160,vhigh,high,3,more,big,high,unacc
161,vhigh,high,4,2,small,low,unacc
162,vhigh,,4,2,small,med,unacc
163,vhigh,high,4,2,small,high,unacc
164,vhigh,,4,2,med,low,unacc
165,vhigh,high,4,2,med,med,unacc
166,vhigh,high,4,2,med,high,unacc
167,vhigh,high,4,2,big,low,unacc
168,vhigh,high,4,2,big,med,unacc
169,vhigh,high,,2,big,,unacc
170,vhigh,high,4,4,small,low,unacc
171,vhigh,high,4,4,small,med,unacc
172,vhigh,high,4,4,small,high,unacc
173,vhigh,high,4,,med,,unacc
174,vhigh,high,4,4,med,,unacc
175,vhigh,high,,4,med,high,unacc
176,vhigh,,4,4,big,low,unacc
177,vhigh,high,4,4,big,med,unacc
178,vhigh,high,4,4,big,high,unacc
179,vhigh,high,4,more,small,,unacc
180,vhigh,high,4,more,small,med,unacc
181,vhigh,high,4,more,small,high,unacc
182,vhigh,high,4,more,med,low,unacc
183,,,4,,med,med,unacc
184,vhigh,high,4,more,med,,unacc
185,vhigh,high,4,more,big,low,unacc
186,vhigh,high,4,more,big,med,unacc
187,vhigh,high,4,more,big,,unacc
188,vhigh,high,5more,2,small,low,unacc
189,vhigh,high,5more,,small,med,unacc
190,vhigh,high,5more,2,small,high,unacc
191,vhigh,high,5more,2,med,,unacc
192,vhigh,high,5more,2,med,med,unacc
193,vhigh,high,,2,med,high,unacc
194,vhigh,high,5more,,big,low,unacc
195,vhigh,high,5more,2,big,,unacc
196,,high,5more,2,big,high,unacc
197,,high,5more,4,small,,unacc
198,vhigh,high,,4,small,med,unacc
199,vhigh,high,5more,4,small,high,unacc
200,vhigh,high,5more,4,,low,unacc
201,vhigh,high,5more,4,med,med,unacc
202,vhigh,high,5more,4,med,,unacc
203,vhigh,,5more,,,,unacc
204,vhigh,high,5more,4,,med,unacc
205,vhigh,high,5more,4,,high,unacc
206,,high,5more,more,small,low,unacc
207,vhigh,high,5more,more,small,med,unacc
208,vhigh,high,5more,more,small,high,unacc
209,vhigh,high,5more,more,med,low,unacc
210,vhigh,high,5more,more,med,med,unacc
211,vhigh,high,5more,more,med,high,unacc
212,vhigh,high,5more,,big,low,unacc
213,,high,,more,big,med,unacc
214,vhigh,high,5more,more,big,high,unacc
215,vhigh,med,,,small,low,unacc
216,vhigh,med,2,2,small,med,unacc
217,vhigh,,2,2,small,high,unacc
218,vhigh,med,2,2,med,low,unacc
219,,med,2,2,med,med,unacc
220,vhigh,med,2,2,med,high,unacc
221,vhigh,med,2,2,,low,unacc
222,vhigh,med,2,2,big,med,unacc
223,vhigh,med,2,2,big,high,unacc
224,vhigh,,2,4,small,low,unacc
225,vhigh,med,2,4,small,med,unacc
226,vhigh,med,2,4,small,high,acc
227,vhigh,med,2,4,,low,unacc
228,vhigh,med,2,4,med,med,unacc
229,vhigh,med,2,4,,,acc
230,vhigh,,2,4,big,low,unacc
231,vhigh,med,2,4,big,med,acc
232,vhigh,med,2,4,big,high,acc
233,vhigh,med,2,more,,low,unacc
234,vhigh,med,2,more,small,med,unacc
235,vhigh,med,2,more,small,,unacc
236,vhigh,med,2,more,med,low,unacc
237,,med,2,more,med,,unacc
238,vhigh,med,2,more,med,high,acc
239,vhigh,med,2,more,big,low,unacc
240,vhigh,med,2,more,big,med,acc
241,vhigh,med,2,,big,high,acc
242,vhigh,med,3,,small,low,unacc
243,vhigh,med,3,2,small,med,unacc
244,vhigh,med,,2,small,high,unacc
245,vhigh,med,,2,med,low,unacc
246,vhigh,med,3,2,med,med,unacc
247,vhigh,,3,,med,high,unacc
248,vhigh,med,3,,,low,unacc
249,vhigh,med,3,2,big,med,unacc
250,vhigh,med,3,2,big,high,unacc
251,vhigh,med,3,4,small,low,unacc
252,vhigh,med,3,4,small,med,unacc
253,,med,,4,small,high,acc
254,vhigh,med,3,4,med,,unacc
255,vhigh,med,3,4,med,med,unacc
256,vhigh,med,3,4,med,high,acc
257,,med,3,4,big,low,unacc
258,vhigh,,3,4,big,med,acc
259,vhigh,med,3,4,big,high,acc
260,,,3,more,small,low,unacc
261,vhigh,med,3,more,small,,unacc
262,vhigh,,3,more,small,high,acc
263,vhigh,med,3,,med,low,unacc
264,vhigh,med,,more,med,med,acc
265,vhigh,med,3,more,med,high,acc
266,vhigh,med,3,,big,,unacc
267,vhigh,med,3,more,big,med,acc
268,vhigh,med,3,more,big,high,acc
269,vhigh,,4,2,,low,unacc
270,vhigh,med,4,2,small,med,unacc
271,vhigh,med,4,2,small,high,unacc
272,vhigh,med,4,2,med,low,unacc
273,vhigh,,4,2,med,med,unacc
274,vhigh,med,4,2,med,high,unacc
275,vhigh,,4,2,big,low,unacc
276,vhigh,med,4,2,big,med,unacc
277,vhigh,med,4,,big,high,unacc
278,vhigh,med,4,4,small,low,unacc
279,vhigh,med,4,4,small,med,unacc
280,vhigh,med,4,4,small,high,acc
281,,med,4,4,med,low,unacc
282,vhigh,med,4,4,med,med,acc
283,vhigh,med,4,4,med,high,acc
284,vhigh,med,4,4,big,low,unacc
285,vhigh,med,4,4,,med,acc
286,vhigh,med,4,4,big,high,acc
287,vhigh,med,4,more,small,low,unacc
288,vhigh,med,4,more,small,med,unacc
289,vhigh,med,4,more,,high,acc
290,vhigh,med,4,more,med,low,unacc
291,vhigh,med,4,more,med,med,acc
292,vhigh,med,4,more,med,high,acc
293,vhigh,med,4,more,big,low,unacc
294,vhigh,med,4,more,big,med,acc
295,vhigh,med,4,more,big,high,acc
296,vhigh,med,5more,2,small,low,unacc
297,vhigh,med,5more,2,,med,unacc
298,vhigh,med,5more,2,small,high,unacc
299,vhigh,med,5more,2,med,low,unacc
300,,med,5more,2,med,med,unacc
301,vhigh,med,5more,2,med,high,unacc
302,vhigh,med,,2,big,low,unacc
303,vhigh,med,,2,big,med,unacc
304,vhigh,med,5more,2,big,high,unacc
305,vhigh,med,5more,,small,low,unacc
306,vhigh,med,5more,4,small,med,unacc
307,vhigh,med,5more,4,small,high,acc
308,vhigh,,5more,4,med,low,unacc
309,vhigh,med,5more,4,med,med,acc
310,,med,5more,4,,high,acc
311,vhigh,med,5more,4,big,,unacc
312,vhigh,med,5more,4,big,med,acc
313,vhigh,med,5more,4,big,high,acc
314,vhigh,med,5more,,,low,unacc
315,vhigh,,5more,more,small,med,unacc
316,,med,5more,more,small,high,acc
317,vhigh,med,5more,more,med,low,unacc
318,vhigh,,5more,more,med,med,acc
319,vhigh,med,5more,more,med,high,acc
320,vhigh,med,5more,more,big,low,unacc
321,,med,,more,big,med,acc
322,vhigh,med,5more,more,big,high,acc
323,vhigh,low,2,2,small,low,unacc
324,vhigh,low,2,2,,med,unacc
325,vhigh,low,2,2,,high,unacc
326,vhigh,low,2,,med,low,unacc
327,vhigh,low,2,2,med,med,unacc
328,vhigh,low,2,2,med,high,unacc
329,vhigh,low,2,2,big,low,unacc
330,vhigh,low,2,2,big,med,unacc
331,vhigh,low,2,2,big,high,unacc
332,vhigh,low,,4,small,low,unacc
333,vhigh,low,2,4,small,med,unacc
334,vhigh,low,2,4,small,high,acc
335,vhigh,low,2,4,med,low,unacc
336,vhigh,low,2,4,med,med,unacc
337,,low,2,4,med,,acc
338,vhigh,,2,,big,low,unacc
339,vhigh,low,,4,big,med,acc
340,vhigh,low,2,4,big,high,acc
341,vhigh,low,2,more,small,low,unacc
342,vhigh,low,2,more,small,med,unacc
343,vhigh,low,2,,,high,unacc
344,vhigh,low,2,more,med,low,unacc
345,vhigh,low,2,more,med,med,unacc
346,vhigh,low,2,,med,high,acc
347,vhigh,low,2,,big,low,unacc
348,vhigh,low,2,more,big,med,acc
349,vhigh,,,,big,high,acc
350,vhigh,low,3,2,small,low,unacc
351,vhigh,low,,2,small,med,unacc
352,vhigh,low,3,2,small,high,unacc
353,vhigh,low,,2,med,low,unacc
354,vhigh,low,3,2,med,med,unacc
355,vhigh,low,3,2,med,high,unacc
356,vhigh,low,3,2,big,low,unacc
357,,low,3,2,big,,unacc
358,vhigh,low,3,2,big,high,unacc
359,,low,,4,,low,unacc
360,vhigh,low,3,4,small,med,unacc
361,vhigh,low,3,4,small,high,acc
362,,,3,4,med,low,unacc
363,vhigh,low,3,4,med,med,unacc
364,vhigh,low,3,4,med,high,acc
365,vhigh,low,3,4,big,,unacc
366,vhigh,low,3,4,big,med,acc
367,vhigh,low,3,4,big,high,acc
368,vhigh,low,3,more,small,low,unacc
369,,low,3,more,small,med,unacc
370,vhigh,low,,more,small,high,acc
371,vhigh,low,3,more,med,,unacc
372,vhigh,low,3,more,med,med,acc
373,vhigh,low,3,more,med,high,acc
374,vhigh,low,3,more,big,low,unacc
375,vhigh,low,3,more,big,med,acc
376,vhigh,low,3,more,big,high,acc
377,,low,4,2,small,low,unacc
378,vhigh,low,,2,small,,unacc
379,vhigh,low,4,2,small,,unacc
380,vhigh,low,4,2,med,low,unacc
381,vhigh,low,4,,med,,unacc
382,vhigh,low,4,2,med,high,unacc
383,vhigh,low,4,2,big,low,unacc
384,vhigh,,4,,big,med,unacc
385,vhigh,low,4,2,big,high,unacc
386,vhigh,low,4,4,small,low,unacc
387,vhigh,,4,4,small,med,unacc
388,vhigh,low,4,4,small,high,acc
389,vhigh,low,4,4,med,low,unacc
390,vhigh,low,4,4,,med,acc
391,vhigh,low,4,4,,high,acc
392,vhigh,low,4,,big,low,unacc
393,vhigh,low,4,4,big,med,acc
394,vhigh,low,4,4,big,high,acc
395,,low,,more,small,low,unacc
396,vhigh,low,4,more,small,med,unacc
397,vhigh,low,4,more,,high,acc
398,vhigh,low,4,more,med,low,unacc
399,vhigh,low,4,more,med,med,acc
400,vhigh,low,4,more,med,high,acc
401,vhigh,low,4,more,big,low,unacc
402,vhigh,low,4,more,big,med,acc
403,vhigh,,4,more,big,,acc
404,vhigh,low,,2,small,low,unacc
405,,low,5more,2,small,med,unacc
406,vhigh,low,5more,2,small,high,unacc
407,vhigh,low,,2,med,low,unacc
408,,low,5more,2,med,med,unacc
409,vhigh,low,5more,2,med,high,unacc
410,vhigh,low,5more,2,big,low,unacc
411,vhigh,low,,2,big,med,unacc
412,vhigh,low,,2,big,high,unacc
413,vhigh,low,5more,4,small,low,unacc
414,vhigh,low,5more,4,small,med,unacc
415,vhigh,low,,4,small,high,acc
416,vhigh,low,5more,4,,low,unacc
417,vhigh,low,5more,4,med,med,acc
418,vhigh,low,5more,,med,high,acc
419,vhigh,,5more,4,big,low,unacc
420,vhigh,low,5more,4,big,med,acc
421,vhigh,low,5more,4,big,high,acc
422,vhigh,low,5more,more,small,low,unacc
423,vhigh,low,,more,small,med,unacc
424,vhigh,low,5more,more,small,high,acc
425,vhigh,low,5more,more,med,low,unacc
426,vhigh,low,5more,more,med,med,acc
427,vhigh,low,,more,,,acc
428,vhigh,low,5more,more,big,,unacc
429,vhigh,low,5more,more,big,med,acc
430,vhigh,,5more,more,big,,acc
431,high,vhigh,2,2,small,low,unacc
432,high,vhigh,2,2,,med,unacc
433,high,vhigh,2,,small,high,unacc
434,high,,2,2,med,low,unacc
435,high,vhigh,2,2,med,med,unacc
436,high,vhigh,2,2,med,,unacc
437,high,vhigh,2,2,,low,unacc
438,high,vhigh,2,2,big,med,unacc
439,high,vhigh,,2,big,high,unacc
440,high,vhigh,2,4,small,low,unacc
441,,vhigh,2,4,small,med,unacc
442,high,vhigh,2,4,small,high,unacc
443,high,vhigh,,4,med,,unacc
444,high,vhigh,2,4,med,med,unacc
445,,vhigh,2,4,,high,unacc
446,high,vhigh,,4,,low,unacc
447,high,,2,,big,med,unacc
448,high,vhigh,2,4,big,high,unacc
449,,vhigh,2,more,small,low,unacc
450,,vhigh,2,more,small,,unacc
451,high,vhigh,2,more,small,high,unacc
452,high,,2,,med,low,unacc
453,high,vhigh,2,more,med,med,unacc
454,high,vhigh,2,more,,high,unacc
455,high,vhigh,2,more,big,low,unacc
456,high,,2,more,big,med,unacc
457,high,vhigh,2,more,big,high,unacc
458,high,vhigh,3,,small,low,unacc
459,high,vhigh,3,2,small,med,unacc
460,high,,3,2,small,high,unacc
461,high,vhigh,3,2,med,low,unacc
462,high,vhigh,3,2,med,med,unacc
463,high,vhigh,3,2,med,high,unacc
464,high,vhigh,3,2,big,low,unacc
465,high,vhigh,3,2,big,med,unacc
466,high,vhigh,3,2,big,,unacc
467,high,vhigh,3,4,small,low,unacc
468,high,vhigh,3,4,small,med,unacc
469,high,,3,4,small,high,unacc
470,high,vhigh,3,,med,,unacc
471,high,vhigh,3,4,med,med,unacc
472,high,vhigh,3,4,med,,unacc
473,high,vhigh,,4,big,,unacc
474,high,vhigh,3,4,big,med,unacc
475,,vhigh,3,4,big,high,unacc
476,high,vhigh,3,more,small,low,unacc
477,high,vhigh,3,more,,med,unacc
478,high,vhigh,3,,small,high,unacc
479,high,vhigh,,more,med,,unacc
480,high,,,more,med,med,unacc
481,high,vhigh,3,more,,high,unacc
482,high,,3,more,big,low,unacc
483,high,vhigh,3,,big,med,unacc
484,high,vhigh,3,more,big,high,unacc
485,,vhigh,4,2,small,,unacc
486,high,vhigh,4,2,small,med,unacc
487,high,vhigh,4,2,small,high,unacc
488,high,vhigh,4,2,med,low,unacc
489,high,vhigh,4,2,med,,unacc
490,high,vhigh,4,2,,high,unacc
491,high,vhigh,4,2,big,low,unacc
492,high,vhigh,4,2,big,,unacc
493,high,vhigh,4,2,big,high,unacc
494,high,vhigh,4,4,,low,unacc
495,high,vhigh,4,4,small,med,unacc
496,high,vhigh,4,4,small,high,unacc
497,high,vhigh,4,,med,low,unacc
498,high,vhigh,4,4,,med,unacc
499,high,vhigh,4,4,,high,unacc
500,high,,4,4,big,,unacc
501,high,vhigh,4,4,,med,unacc
502,high,vhigh,4,4,big,high,unacc
503,high,vhigh,4,more,small,low,unacc
504,high,vhigh,4,,small,med,unacc
505,high,vhigh,4,more,small,high,unacc
506,high,vhigh,4,more,med,low,unacc
507,high,vhigh,4,,med,med,unacc
508,,vhigh,4,more,med,high,unacc
509,high,vhigh,4,more,big,low,unacc
510,high,vhigh,4,,big,,unacc
511,high,,,more,big,high,unacc
512,high,vhigh,5more,,,low,unacc
513,high,vhigh,,2,small,,unacc
514,high,vhigh,5more,2,small,high,unacc
515,high,vhigh,,2,med,low,unacc
516,,vhigh,5more,2,med,,unacc
517,high,vhigh,5more,2,med,high,unacc
518,,vhigh,5more,2,big,low,unacc
519,high,vhigh,5more,2,big,,unacc
520,high,vhigh,5more,2,big,high,unacc
521,high,vhigh,5more,4,,low,unacc
522,high,vhigh,5more,4,small,med,unacc
523,high,vhigh,5more,4,,high,unacc
524,high,vhigh,5more,4,med,,unacc
525,high,vhigh,5more,4,,,unacc
526,,vhigh,5more,4,,high,unacc
527,high,vhigh,5more,4,big,low,unacc
528,,vhigh,5more,,big,med,unacc
529,high,vhigh,5more,4,big,high,unacc
530,,,5more,more,small,low,unacc
531,high,vhigh,5more,more,small,med,unacc
532,high,vhigh,5more,more,small,high,unacc
533,high,vhigh,5more,more,med,low,unacc
534,high,vhigh,5more,more,med,med,unacc
535,high,vhigh,5more,more,med,high,unacc
536,high,vhigh,5more,more,big,low,unacc
537,high,vhigh,5more,more,big,med,unacc
538,high,vhigh,5more,more,big,high,unacc
539,high,high,,2,,low,unacc
540,high,,2,2,small,med,unacc
541,high,high,2,2,small,high,unacc
542,high,high,2,2,med,low,unacc
543,high,high,2,2,med,med,unacc
544,high,high,2,2,med,high,unacc
545,,high,2,2,big,low,unacc
546,high,high,2,2,big,med,unacc
547,high,,2,2,big,high,unacc
548,high,high,2,4,small,low,unacc
549,high,high,2,4,small,med,unacc
550,high,high,,4,small,high,acc
551,high,high,2,4,med,low,unacc
552,,high,2,4,med,med,unacc
553,high,high,2,4,med,high,acc
554,high,high,2,4,big,low,unacc
555,high,,2,,big,med,acc
556,high,high,2,4,,high,acc
557,high,,2,more,small,,unacc
558,high,high,2,more,small,,unacc
559,high,high,2,more,small,high,unacc
560,high,high,2,more,,low,unacc
561,high,high,2,more,med,med,unacc
562,high,high,,more,med,high,acc
563,high,high,2,more,big,low,unacc
564,high,high,2,more,big,,acc
565,,high,2,more,big,high,acc
566,high,high,3,2,,,unacc
567,high,high,3,2,small,med,unacc
568,high,high,3,2,small,high,unacc
569,high,high,3,2,med,low,unacc
570,high,high,3,2,med,med,unacc
571,high,high,3,2,med,high,unacc
572,high,high,3,2,big,low,unacc
573,,high,,2,big,,unacc
574,,high,3,2,big,high,unacc
575,high,high,3,4,small,low,unacc
576,high,high,3,4,small,med,unacc
577,high,high,3,4,small,high,acc
578,high,high,3,4,med,low,unacc
579,high,,3,4,med,med,unacc
580,high,high,,4,med,high,acc
581,high,high,3,4,big,low,unacc
582,high,high,3,,big,,acc
583,,high,3,4,big,high,acc
584,high,high,3,more,small,low,unacc
585,high,high,3,,small,med,unacc
586,high,high,3,more,small,high,acc
587,high,high,3,more,med,low,unacc
588,high,high,3,more,med,,acc
589,high,high,3,more,med,high,acc
590,high,high,,more,big,low,unacc
591,high,high,,more,big,med,acc
592,high,high,3,more,big,high,acc
593,high,high,4,2,small,low,unacc
594,high,high,,2,small,med,unacc
595,high,high,4,2,small,high,unacc
596,high,high,4,2,med,low,unacc
597,high,high,4,2,med,,unacc
598,high,high,,2,med,high,unacc
599,high,high,,2,big,low,unacc
600,high,high,4,2,big,med,unacc
601,high,high,4,2,big,high,unacc
602,,high,4,4,small,low,unacc
603,high,high,4,4,small,med,unacc
604,high,high,,4,small,high,acc
605,high,high,4,4,med,low,unacc
606,high,high,4,4,med,med,acc
607,high,high,4,4,med,,acc
608,high,high,4,4,big,low,unacc
609,high,high,,4,big,med,acc
610,high,high,,4,,high,acc
611,,high,4,more,small,low,unacc
612,high,high,4,more,small,,unacc
613,,high,4,more,small,,acc
614,high,high,4,more,med,low,unacc
615,high,high,4,more,med,med,acc
616,high,high,4,more,med,high,acc
617,high,high,4,,big,low,unacc
618,high,,4,more,big,med,acc
619,high,high,4,more,big,high,acc
620,high,high,5more,2,small,low,unacc
621,high,high,5more,2,small,med,unacc
622,high,high,5more,2,small,high,unacc
623,high,,5more,2,med,low,unacc
624,high,high,5more,2,med,med,unacc
625,,high,5more,2,med,high,unacc
626,high,high,5more,2,big,low,unacc
627,high,high,5more,2,big,med,unacc
628,high,,,2,,high,unacc
629,high,high,5more,4,small,low,unacc
630,high,high,5more,4,small,med,unacc
631,high,,5more,4,small,high,acc
632,high,high,,4,med,low,unacc
633,high,high,5more,4,med,med,acc
634,high,high,5more,4,med,,acc
635,high,high,5more,4,big,low,unacc
636,high,high,5more,4,big,med,acc
637,high,high,5more,4,big,high,acc
638,high,high,5more,more,small,low,unacc
639,high,high,5more,,small,med,unacc
640,high,high,5more,more,small,,acc
641,high,high,5more,more,med,low,unacc
642,high,high,5more,more,med,med,acc
643,high,high,5more,more,med,high,acc
644,high,high,5more,more,big,low,unacc
645,,high,5more,more,big,med,acc
646,high,high,5more,more,big,high,acc
647,high,med,2,2,small,low,unacc
648,high,med,2,2,small,med,unacc
649,high,med,,2,small,high,unacc
650,,med,2,2,,low,unacc
651,high,med,2,2,med,med,unacc
652,high,med,,2,med,high,unacc
653,high,med,2,2,big,low,unacc
654,high,med,2,2,big,med,unacc
655,high,med,2,,,high,unacc
656,high,med,2,4,,low,unacc
657,high,med,2,4,small,med,unacc
658,high,med,2,4,small,high,acc
659,high,med,2,4,med,low,unacc
660,,med,2,4,med,med,unacc
661,high,med,,4,med,,acc
662,high,,2,4,big,low,unacc
663,high,med,,4,big,med,acc
664,high,med,2,4,big,high,acc
665,high,med,2,more,small,low,unacc
666,high,med,2,,small,med,unacc
667,high,med,2,more,small,high,unacc
668,high,med,2,more,med,low,unacc
669,high,med,2,more,med,med,unacc
670,high,med,2,more,med,high,acc
671,high,med,2,more,big,low,unacc
672,,,2,more,big,med,acc
673,high,med,2,more,big,high,acc
674,high,med,3,2,small,low,unacc
675,high,,3,2,small,med,unacc
676,high,med,3,2,small,high,unacc
677,high,med,3,2,med,low,unacc
678,high,med,,2,med,med,unacc
679,high,med,3,2,med,high,unacc
680,high,med,3,2,big,low,unacc
681,high,med,3,,big,med,unacc
682,high,med,3,2,big,high,unacc
683,high,med,3,,small,low,unacc
684,high,med,,4,small,med,unacc
685,high,med,3,4,small,high,acc
686,high,,3,4,med,low,unacc
687,high,med,3,4,med,med,unacc
688,high,,3,4,,high,acc
689,high,med,3,4,big,low,unacc
690,high,med,,4,big,med,acc
691,high,med,,,big,high,acc
692,high,med,3,more,small,low,unacc
693,high,med,3,more,small,med,unacc
694,high,med,3,more,small,high,acc
695,high,med,,more,med,low,unacc
696,high,med,3,more,med,med,acc
697,high,med,3,,med,high,acc
698,high,med,3,,big,low,unacc
699,high,med,3,more,,med,acc
700,high,med,3,,big,high,acc
701,high,med,4,2,small,low,unacc
702,high,med,4,2,small,,unacc
703,high,med,4,2,small,high,unacc
704,high,med,,,med,low,unacc
705,high,med,4,2,med,med,unacc
706,high,med,4,2,med,,unacc
707,high,med,4,2,big,low,unacc
708,,med,4,2,big,med,unacc
709,high,med,4,2,,high,unacc
710,high,med,4,4,small,low,unacc
711,high,med,4,4,small,med,unacc
712,high,med,4,,small,high,acc
713,high,med,4,4,med,low,unacc
714,high,med,4,4,med,med,acc
715,high,med,4,4,med,high,acc
716,high,,4,4,big,low,unacc
717,high,med,4,4,big,,acc
718,high,med,4,4,big,high,acc
719,high,med,4,more,,low,unacc
720,high,med,4,more,small,med,unacc
721,high,med,4,more,small,high,acc
722,high,med,4,more,med,low,unacc
723,high,med,4,more,med,med,acc
724,high,med,4,more,med,high,acc
725,high,med,4,more,big,low,unacc
726,high,med,4,more,big,med,acc
727,high,med,4,more,big,high,acc
728,high,med,5more,2,small,low,unacc
729,high,med,5more,2,small,med,unacc
730,high,med,5more,2,small,high,unacc
731,high,med,5more,2,med,low,unacc
732,high,med,5more,2,med,med,unacc
733,high,med,5more,2,med,high,unacc
734,high,med,5more,2,big,low,unacc
735,high,med,5more,2,,med,unacc
736,high,med,5more,2,big,high,unacc
737,high,med,,,small,low,unacc
738,high,med,5more,4,small,med,unacc
739,high,med,5more,4,small,high,acc
740,high,med,5more,4,med,low,unacc
741,high,med,5more,4,,med,acc
742,high,med,5more,4,med,high,acc
743,high,med,5more,4,big,low,unacc
744,,med,5more,4,big,med,acc
745,high,,5more,4,big,high,acc
746,high,med,5more,more,small,low,unacc
747,high,,5more,more,small,med,unacc
748,high,med,5more,more,small,high,acc
749,high,med,5more,more,med,low,unacc
750,high,med,5more,more,med,med,acc
751,high,med,5more,more,med,high,acc
752,high,med,5more,more,big,,unacc
753,high,med,5more,more,big,med,acc
754,high,med,5more,,big,high,acc
755,high,low,2,2,small,low,unacc
756,high,low,2,2,,med,unacc
757,high,,2,2,small,high,unacc
758,high,low,2,,med,low,unacc
759,,low,,2,med,med,unacc
760,high,low,2,2,med,,unacc
761,high,low,2,,big,low,unacc
762,high,low,2,2,,med,unacc
763,,low,2,2,big,high,unacc
764,high,low,2,,small,low,unacc
765,high,low,2,4,small,med,unacc
766,high,low,2,4,small,high,acc
767,high,low,2,4,med,low,unacc
768,high,,2,4,med,med,unacc
769,high,low,2,4,med,high,acc
770,high,low,2,4,big,low,unacc
771,high,low,2,4,,med,acc
772,high,low,2,4,big,high,acc
773,high,low,2,more,small,low,unacc
774,high,low,2,more,small,med,unacc
775,high,,2,more,small,high,unacc
776,,low,2,more,med,low,unacc
777,,low,2,more,med,med,unacc
778,high,low,2,more,med,high,acc
779,high,low,2,more,big,low,unacc
780,high,low,,more,big,med,acc
781,high,low,2,more,big,high,acc
782,high,low,3,2,small,,unacc
783,high,low,3,2,small,med,unacc
784,high,low,3,2,,high,unacc
785,high,,3,2,med,low,unacc
786,high,low,3,2,med,,unacc
787,,low,3,2,med,high,unacc
788,high,low,3,2,big,low,unacc
789,high,low,,2,big,med,unacc
790,high,low,3,2,big,high,unacc
791,high,low,3,4,small,low,unacc
792,,low,3,4,small,med,unacc
793,high,low,3,,small,high,acc
794,high,low,3,4,med,low,unacc
795,high,,3,4,med,med,unacc
796,high,low,3,4,med,high,acc
797,high,low,3,4,big,low,unacc
798,high,,3,4,big,med,acc
799,high,low,3,,big,high,acc
800,high,low,3,more,small,low,unacc
801,high,low,3,more,,med,unacc
802,high,low,,,small,high,acc
803,high,low,3,more,med,low,unacc
804,high,,3,more,med,med,acc
805,high,low,3,more,med,high,acc
806,high,low,3,more,big,low,unacc
807,high,low,3,,big,med,acc
808,high,low,3,more,big,high,acc
809,high,low,4,2,small,,unacc
810,,,4,,small,med,unacc
811,high,low,4,2,small,high,unacc
812,high,low,4,,med,low,unacc
813,high,low,4,2,med,med,unacc
814,,low,4,2,med,high,unacc
815,,low,,2,big,low,unacc
816,high,low,4,2,big,med,unacc
817,high,low,4,2,big,high,unacc
818,high,low,4,4,small,low,unacc
819,,low,,4,small,med,unacc
820,,,4,4,small,high,acc
821,high,low,4,4,med,low,unacc
822,high,low,4,,med,,acc
823,high,low,4,4,med,high,acc
824,high,low,4,4,big,low,unacc
825,high,low,4,4,big,med,acc
826,high,low,4,4,big,high,acc
827,high,low,,more,small,low,unacc
828,high,low,4,,small,med,unacc
829,high,low,4,more,small,high,acc
830,high,low,4,more,med,low,unacc
831,high,,4,more,,med,acc
832,,low,4,more,med,high,acc
833,high,low,4,more,big,low,unacc
834,high,low,4,more,big,med,acc
835,high,,4,more,big,high,acc
836,high,low,5more,2,small,low,unacc
837,high,low,5more,,small,med,unacc
838,high,low,,2,small,,unacc
839,high,low,5more,2,med,low,unacc
840,,,5more,2,med,med,unacc
841,,low,5more,2,med,high,unacc
842,high,,5more,2,big,low,unacc
843,high,low,5more,2,big,med,unacc
844,high,low,5more,2,big,high,unacc
845,high,low,5more,4,small,low,unacc
846,high,low,5more,4,small,med,unacc
847,high,low,5more,4,small,high,acc
848,high,low,5more,4,med,low,unacc
849,high,low,5more,,med,med,acc
850,,low,5more,4,med,high,acc
851,high,low,,4,big,low,unacc
852,high,low,5more,4,big,med,acc
853,high,low,,4,big,high,acc
854,high,low,,more,small,low,unacc
855,high,low,5more,more,small,med,unacc
856,high,low,,more,small,high,acc
857,high,low,5more,more,med,low,unacc
858,high,low,,more,med,med,acc
859,high,low,5more,more,med,high,acc
860,high,low,5more,,big,low,unacc
861,high,low,,more,,med,acc
862,high,low,5more,more,big,high,acc
863,med,vhigh,2,2,small,low,unacc
864,med,vhigh,2,2,small,med,unacc
865,med,vhigh,2,2,small,high,unacc
866,,vhigh,2,2,med,low,unacc
867,med,vhigh,2,2,med,med,unacc
868,,vhigh,2,2,,high,unacc
869,med,vhigh,2,2,big,low,unacc
870,med,vhigh,2,2,big,med,unacc
871,med,vhigh,2,2,big,high,unacc
872,med,vhigh,2,4,small,low,unacc
873,,vhigh,2,4,,med,unacc
874,med,vhigh,2,4,small,high,acc
875,med,,2,,med,,unacc
876,med,vhigh,2,4,med,med,unacc
877,med,vhigh,2,4,med,high,acc
878,med,vhigh,2,4,big,low,unacc
879,med,vhigh,2,4,big,,acc
880,med,vhigh,2,4,big,high,acc
881,med,vhigh,2,more,small,low,unacc
882,med,vhigh,2,more,,med,unacc
883,med,,2,more,small,high,unacc
884,med,vhigh,,more,med,low,unacc
885,med,vhigh,2,more,med,med,unacc
886,med,vhigh,,more,med,high,acc
887,med,vhigh,2,more,big,low,unacc
888,med,vhigh,2,more,big,med,acc
889,,vhigh,2,,,high,acc
890,med,vhigh,3,2,small,low,unacc
891,med,,3,2,small,med,unacc
892,,vhigh,3,2,small,high,unacc
893,med,vhigh,3,2,med,low,unacc
894,med,,3,2,med,med,unacc
895,med,vhigh,3,2,med,high,unacc
896,med,vhigh,3,2,big,low,unacc
897,med,vhigh,3,2,big,med,unacc
898,med,vhigh,3,2,big,high,unacc
899,med,vhigh,3,4,small,low,unacc
900,med,vhigh,3,4,small,,unacc
901,med,vhigh,3,4,small,high,acc
902,med,vhigh,3,4,med,low,unacc
903,,vhigh,3,4,med,med,unacc
904,med,,3,4,med,high,acc
905,,vhigh,3,4,big,low,unacc
906,med,vhigh,3,4,big,med,acc
907,med,vhigh,3,4,big,high,acc
908,med,vhigh,3,,small,low,unacc
909,med,vhigh,3,more,small,med,unacc
910,med,vhigh,3,more,,high,acc
911,med,vhigh,3,more,med,low,unacc
912,,vhigh,3,more,med,med,acc
913,med,vhigh,3,more,med,high,acc
914,med,vhigh,3,more,big,low,unacc
915,med,vhigh,3,more,,med,acc
916,med,vhigh,3,more,big,high,acc
917,,vhigh,4,,small,low,unacc
918,med,vhigh,4,,small,med,unacc
919,med,vhigh,4,2,small,high,unacc
920,med,vhigh,4,2,med,low,unacc
921,med,,4,2,med,med,unacc
922,med,vhigh,4,2,med,high,unacc
923,med,vhigh,4,,big,low,unacc
924,med,vhigh,4,2,big,,unacc
925,med,vhigh,,2,,high,unacc
926,med,vhigh,4,4,,low,unacc
927,med,vhigh,4,4,small,med,unacc
928,med,vhigh,4,4,small,high,acc
929,,vhigh,4,4,med,low,unacc
930,med,vhigh,4,4,med,med,acc
931,med,vhigh,4,4,med,high,acc
932,med,vhigh,4,4,big,low,unacc
933,med,vhigh,4,4,big,med,acc
934,med,vhigh,4,4,big,high,acc
935,med,,4,more,small,low,unacc
936,med,vhigh,4,more,small,med,unacc
937,med,vhigh,4,more,small,high,acc
938,med,vhigh,4,more,med,low,unacc
939,,vhigh,4,more,med,med,acc
940,med,vhigh,4,more,,high,acc
941,med,vhigh,4,more,big,low,unacc
942,,vhigh,4,more,big,med,acc
943,med,vhigh,,more,big,high,acc
944,med,vhigh,5more,2,,low,unacc
945,med,vhigh,5more,,small,med,unacc
946,med,vhigh,5more,2,small,high,unacc
947,med,vhigh,5more,2,med,,unacc
948,med,vhigh,5more,2,med,med,unacc
949,med,vhigh,5more,2,med,high,unacc
950,med,vhigh,5more,2,big,low,unacc
951,med,vhigh,5more,2,big,med,unacc
952,med,,5more,2,big,high,unacc
953,med,vhigh,5more,4,small,low,unacc
954,med,vhigh,5more,4,small,med,unacc
955,med,vhigh,,4,small,,acc
956,med,vhigh,5more,,med,low,unacc
957,med,vhigh,,4,med,med,acc
958,med,vhigh,5more,4,med,high,acc
959,med,vhigh,5more,4,big,,unacc
960,med,vhigh,5more,4,big,med,acc
961,med,vhigh,5more,4,big,high,acc
962,med,,5more,,small,low,unacc
963,med,vhigh,5more,more,small,med,unacc
964,med,vhigh,5more,more,,high,acc
965,med,vhigh,5more,more,med,,unacc
966,med,vhigh,5more,more,med,med,acc
967,med,vhigh,5more,more,med,high,acc
968,,vhigh,5more,more,big,low,unacc
969,med,vhigh,,more,big,med,acc
970,med,vhigh,5more,more,big,high,acc
971,med,high,2,2,small,low,unacc
972,med,high,2,2,small,med,unacc
973,med,high,2,2,small,,unacc
974,med,high,2,2,,low,unacc
975,med,high,2,2,med,med,unacc
976,med,high,2,2,med,high,unacc
977,med,high,2,2,big,,unacc
978,med,high,2,2,big,med,unacc
979,med,high,2,2,big,high,unacc
980,med,high,2,4,small,low,unacc
981,med,high,,4,small,med,unacc
982,med,high,2,4,small,,acc
983,med,high,2,,med,,unacc
984,med,high,2,,med,med,unacc
985,med,high,,4,med,high,acc
986,med,high,2,,big,low,unacc
987,med,high,2,4,big,med,acc
988,med,,2,4,big,high,acc
989,med,high,2,more,,low,unacc
990,med,high,2,more,small,med,unacc
991,med,high,2,more,,high,unacc
992,med,high,2,,med,low,unacc
993,,high,2,more,,med,unacc
994,med,high,2,more,med,high,acc
995,med,high,2,more,big,low,unacc
996,med,high,2,more,,med,acc
997,med,high,2,more,big,high,acc
998,med,,,2,,low,unacc
999,med,high,3,2,small,med,unacc
1000,med,high,3,2,small,high,unacc
1001,med,,3,,med,low,unacc
1002,,high,3,2,med,med,unacc
1003,med,high,3,2,med,high,unacc
1004,med,high,3,2,big,low,unacc
1005,med,high,3,2,big,med,unacc
1006,med,high,3,2,big,,unacc
1007,med,high,3,4,small,low,unacc
1008,med,high,3,4,small,med,unacc
1009,med,high,3,4,small,high,acc
1010,med,high,3,4,med,low,unacc
1011,med,high,3,4,med,med,unacc
1012,med,high,3,4,med,high,acc
1013,med,high,3,4,,low,unacc
1014,med,high,3,4,big,med,acc
1015,med,high,3,4,big,high,acc
1016,,high,3,,,low,unacc
1017,med,high,3,,small,med,unacc
1018,med,high,3,more,small,high,acc
1019,med,high,3,more,med,low,unacc
1020,med,high,3,more,med,med,acc
1021,med,high,3,more,,high,acc
1022,med,high,3,more,big,low,unacc
1023,med,high,3,,big,med,acc
1024,med,high,3,more,big,high,acc
1025,med,high,4,2,small,low,unacc
1026,med,high,4,2,small,,unacc
1027,med,,4,2,small,high,unacc
1028,med,high,,2,med,low,unacc
1029,med,high,4,2,med,med,unacc
1030,med,high,4,2,,,unacc
1031,med,high,4,2,big,,unacc
1032,med,high,4,2,,med,unacc
1033,med,high,4,2,big,high,unacc
1034,med,high,4,4,small,low,unacc
1035,med,high,4,4,,med,unacc
1036,med,high,4,4,small,high,acc
1037,med,high,,4,med,low,unacc
1038,med,high,4,4,med,med,acc
1039,med,high,4,4,med,high,acc
1040,med,high,4,4,big,low,unacc
1041,med,high,4,4,big,med,acc
1042,med,high,,4,big,high,acc
1043,med,high,4,more,small,low,unacc
1044,,high,4,more,small,med,unacc
1045,med,,4,more,small,high,acc
1046,med,high,4,,med,low,unacc
1047,med,high,4,more,med,med,acc
1048,med,,4,more,med,high,acc
1049,med,high,4,more,big,low,unacc
1050,med,,4,more,big,med,acc
1051,med,high,4,more,big,high,acc
1052,med,high,5more,,small,low,unacc
1053,med,high,5more,2,,med,unacc
1054,med,high,5more,2,small,high,unacc
1055,med,high,5more,2,med,,unacc
1056,,high,5more,2,med,med,unacc
1057,med,high,5more,2,med,high,unacc
1058,med,high,5more,2,big,low,unacc
1059,,high,5more,2,big,,unacc
1060,med,high,5more,2,big,high,unacc
1061,med,high,5more,4,small,low,unacc
1062,med,high,5more,4,small,med,unacc
1063,,high,5more,,small,high,acc
1064,med,high,5more,4,med,low,unacc
1065,med,high,5more,4,med,med,acc
1066,med,high,5more,4,med,high,acc
1067,med,high,5more,4,big,low,unacc
1068,med,high,5more,,big,med,acc
1069,med,high,,4,big,high,acc
1070,,high,5more,more,small,low,unacc
1071,med,high,,more,small,med,unacc
1072,med,high,5more,more,,high,acc
1073,,high,5more,more,med,low,unacc
1074,med,high,5more,more,med,med,acc
1075,,high,5more,more,,high,acc
1076,med,high,5more,more,big,low,unacc
1077,med,high,5more,more,big,med,acc
1078,med,high,5more,more,big,high,acc
1079,med,,2,2,small,low,unacc
1080,med,med,2,,small,med,unacc
1081,med,med,2,2,,high,unacc
1082,med,med,2,2,med,,unacc
1083,med,med,2,2,med,med,unacc
1084,med,,,2,med,high,unacc
1085,,med,2,2,big,low,unacc
1086,med,med,2,2,big,med,unacc
1087,med,med,2,2,big,high,unacc
1088,med,med,,4,small,low,unacc
1089,med,med,2,4,small,med,acc
1090,med,med,2,4,small,high,acc
1091,med,med,2,,med,low,unacc
1092,med,med,2,4,med,med,acc
1093,med,,2,,med,high,acc
1094,med,,2,4,big,,unacc
1095,med,med,2,4,big,med,acc
1096,,med,2,4,big,,vgood
1097,med,med,2,,,low,unacc
1098,med,med,2,more,small,med,unacc
1099,med,med,2,more,small,high,unacc
1100,med,med,2,more,med,low,unacc
1101,,med,2,more,med,med,acc
1102,med,med,2,more,med,,acc
1103,med,med,2,more,big,low,unacc
1104,med,med,2,more,big,med,acc
1105,med,med,2,more,big,high,vgood
1106,med,med,3,2,small,low,unacc
1107,,med,3,2,small,med,unacc
1108,med,,3,2,small,high,unacc
1109,med,med,3,2,med,low,unacc
1110,med,med,3,2,med,med,unacc
1111,,med,3,2,med,high,unacc
1112,med,med,3,2,big,low,unacc
1113,med,,3,2,big,med,unacc
1114,,med,3,2,big,high,unacc
1115,med,med,3,4,small,low,unacc
1116,med,med,3,4,small,med,acc
1117,med,med,3,4,small,high,acc
1118,med,med,3,4,med,low,unacc
1119,med,med,3,4,med,med,acc
1120,med,med,3,4,med,high,acc
1121,med,med,,4,big,low,unacc
1122,med,med,3,4,big,med,acc
1123,med,med,3,,big,high,vgood
1124,med,med,3,more,small,low,unacc
1125,med,med,3,more,small,med,acc
1126,,med,,,small,high,acc
1127,med,med,3,more,med,low,unacc
1128,med,med,3,more,,med,acc
1129,med,med,,more,med,high,vgood
1130,med,med,,,big,low,unacc
1131,med,med,3,more,big,med,acc
1132,med,med,,more,big,high,vgood
1133,med,med,4,2,small,,unacc
1134,med,med,4,2,small,med,unacc
1135,med,med,4,2,small,high,unacc
1136,med,med,4,2,med,low,unacc
1137,med,,4,2,med,med,unacc
1138,med,,,2,med,high,unacc
1139,,med,4,,big,low,unacc
1140,med,med,4,2,,med,unacc
1141,med,med,4,2,big,high,unacc
1142,med,med,4,4,small,low,unacc
1143,,med,4,4,,med,acc
1144,med,med,4,,small,high,acc
1145,med,med,4,4,med,low,unacc
1146,med,med,4,4,med,med,acc
1147,med,med,4,4,,high,vgood
1148,med,med,4,4,big,low,unacc
1149,,med,4,,big,med,acc
1150,med,med,4,4,big,high,vgood
1151,med,med,4,more,small,low,unacc
1152,med,med,4,more,small,med,acc
1153,med,med,4,more,small,high,acc
1154,med,med,4,more,med,low,unacc
1155,med,med,,more,,med,acc
1156,med,med,4,more,,,vgood
1157,med,med,4,more,big,low,unacc
1158,med,med,4,more,big,med,acc
1159,med,med,4,more,big,,vgood
1160,med,med,5more,2,small,low,unacc
1161,med,,5more,2,,med,unacc
1162,med,med,,2,small,high,unacc
1163,med,med,,2,med,low,unacc
1164,med,med,5more,2,med,med,unacc
1165,med,med,5more,2,med,high,unacc
1166,,med,5more,2,big,low,unacc
1167,med,med,5more,,,med,unacc
1168,med,med,5more,2,big,high,unacc
1169,med,med,5more,4,small,low,unacc
1170,med,med,5more,4,small,med,acc
1171,med,med,5more,4,small,high,acc
1172,med,med,5more,4,med,low,unacc
1173,med,med,5more,4,med,med,acc
1174,med,med,5more,4,med,high,vgood
1175,med,med,5more,4,,low,unacc
1176,med,med,5more,4,big,med,acc
1177,med,med,5more,4,big,high,vgood
1178,med,med,5more,more,small,low,unacc
1179,,med,5more,more,small,med,acc
1180,med,med,,more,small,high,acc
1181,med,med,5more,more,med,low,unacc
1182,med,med,5more,more,med,med,acc
1183,med,med,,,med,high,vgood
1184,med,med,5more,more,big,low,unacc
1185,med,med,5more,more,big,med,acc
1186,med,med,5more,more,big,high,vgood
1187,med,low,2,2,small,,unacc
1188,med,low,2,2,small,,unacc
1189,med,low,2,2,small,high,unacc
1190,med,low,2,2,med,low,unacc
1191,,low,2,2,med,med,unacc
1192,med,low,2,2,med,high,unacc
1193,,low,2,2,big,low,unacc
1194,med,low,2,2,big,med,unacc
1195,med,low,2,2,big,high,unacc
1196,med,low,,4,small,low,unacc
1197,med,low,2,4,small,,acc
1198,,low,2,4,small,high,good
1199,med,low,2,4,med,low,unacc
1200,med,,2,4,med,med,acc
1201,med,low,2,4,med,high,good
1202,med,low,,4,big,low,unacc
1203,med,low,2,4,big,med,good
1204,med,low,2,4,big,high,vgood
1205,med,low,2,more,small,low,unacc
1206,,low,2,more,small,med,unacc
1207,med,,2,more,small,high,unacc
1208,med,low,2,more,med,,unacc
1209,,,2,more,med,med,acc
1210,med,low,2,more,med,high,good
1211,med,low,2,more,big,low,unacc
1212,med,low,2,more,big,med,good
1213,med,,2,more,,high,vgood
1214,med,low,3,2,small,low,unacc
1215,med,low,3,2,small,,unacc
1216,med,,3,2,small,high,unacc
1217,med,low,,2,med,low,unacc
1218,med,low,,2,med,med,unacc
1219,med,low,3,2,,high,unacc
1220,med,low,3,2,big,low,unacc
1221,med,,3,2,big,med,unacc
1222,med,low,3,2,big,high,unacc
1223,med,low,3,4,small,low,unacc
1224,med,low,3,4,small,med,acc
1225,med,low,3,,small,high,good
1226,med,low,3,4,med,low,unacc
1227,med,low,3,4,med,med,acc
1228,med,low,3,4,med,high,good
1229,med,,3,4,big,,unacc
1230,med,low,3,4,big,med,good
1231,med,low,3,4,,high,vgood
1232,,low,3,more,,low,unacc
1233,med,low,,more,small,med,acc
1234,med,low,3,,small,high,good
1235,med,,3,more,,low,unacc
1236,med,,3,more,med,med,good
1237,med,,3,more,med,,vgood
1238,med,low,3,more,big,,unacc
1239,med,low,3,more,big,med,good
1240,,low,3,more,,high,vgood
1241,med,low,4,2,small,low,unacc
1242,med,low,4,2,small,med,unacc
1243,med,,4,2,small,high,unacc
1244,med,low,4,2,,low,unacc
1245,med,low,4,2,med,med,unacc
1246,med,low,4,2,med,high,unacc
1247,med,low,4,2,,low,unacc
1248,med,low,4,2,,med,unacc
1249,,low,4,2,big,high,unacc
1250,med,low,4,4,small,low,unacc
1251,med,low,4,4,small,med,acc
1252,,low,4,4,small,high,good
1253,,low,4,4,med,,unacc
1254,med,low,4,4,med,med,good
1255,,low,4,4,med,,vgood
1256,med,low,4,4,,,unacc
1257,med,low,4,4,big,med,good
1258,med,low,4,4,big,high,vgood
1259,med,low,4,more,,low,unacc
1260,med,low,4,more,small,med,acc
1261,med,low,4,more,small,high,good
1262,med,low,4,more,med,low,unacc
1263,med,low,4,more,med,med,good
1264,med,low,4,,med,high,vgood
1265,med,low,4,more,big,low,unacc
1266,,low,4,more,big,med,good
1267,med,low,4,,big,high,vgood
1268,med,low,5more,2,,low,unacc
1269,med,low,5more,2,small,med,unacc
1270,med,,5more,2,small,high,unacc
1271,med,low,5more,2,med,low,unacc
1272,med,low,5more,2,med,med,unacc
1273,med,low,,2,med,high,unacc
1274,med,low,5more,2,,low,unacc
1275,med,,5more,2,big,med,unacc
1276,med,,5more,,big,high,unacc
1277,med,low,5more,4,small,low,unacc
1278,med,,5more,4,small,med,acc
1279,,low,5more,,small,high,good
1280,med,low,,4,med,low,unacc
1281,med,low,,4,med,med,good
1282,med,low,5more,4,med,high,vgood
1283,med,low,,,big,low,unacc
1284,med,,5more,4,big,,good
1285,med,low,5more,,big,high,vgood
1286,med,low,5more,more,small,low,unacc
1287,med,low,5more,more,small,med,acc
1288,med,low,5more,more,,high,good
1289,med,low,5more,more,med,low,unacc
1290,,low,5more,more,med,med,good
1291,med,low,,,med,high,vgood
1292,med,low,5more,,,low,unacc
1293,,low,5more,more,big,med,good
1294,med,,5more,more,big,high,vgood
1295,low,,2,2,small,low,unacc
1296,low,vhigh,,2,small,med,unacc
1297,low,vhigh,2,2,small,high,unacc
1298,,,2,,med,,unacc
1299,low,vhigh,2,2,med,med,unacc
1300,low,,2,2,med,high,unacc
1301,low,,2,2,big,low,unacc
1302,low,,2,2,big,med,unacc
1303,low,,2,2,big,,unacc
1304,low,vhigh,2,4,small,low,unacc
1305,low,vhigh,2,4,,med,unacc
1306,low,vhigh,2,4,small,high,acc
1307,low,vhigh,,4,med,low,unacc
1308,low,vhigh,2,4,med,,unacc
1309,low,vhigh,2,4,med,high,acc
1310,low,vhigh,2,4,big,low,unacc
1311,low,,2,,big,med,acc
1312,low,vhigh,2,4,big,high,acc
1313,low,vhigh,2,more,small,low,unacc
1314,low,,2,more,small,med,unacc
1315,low,vhigh,2,more,small,high,unacc
1316,low,vhigh,,more,med,low,unacc
1317,low,vhigh,2,more,med,med,unacc
1318,low,vhigh,2,more,med,high,acc
1319,low,vhigh,2,more,big,low,unacc
1320,low,vhigh,2,more,big,med,acc
1321,low,vhigh,2,more,big,high,acc
1322,low,vhigh,3,2,small,low,unacc
1323,low,vhigh,3,2,small,med,unacc
1324,low,vhigh,3,2,small,high,unacc
1325,low,vhigh,3,2,med,low,unacc
1326,low,vhigh,,2,,med,unacc
1327,low,vhigh,3,2,med,high,unacc
1328,low,vhigh,3,2,big,low,unacc
1329,,vhigh,3,2,,,unacc
1330,low,vhigh,3,2,big,high,unacc
1331,low,vhigh,3,4,small,low,unacc
1332,low,vhigh,3,4,small,med,unacc
1333,low,vhigh,,4,small,high,acc
1334,,vhigh,,4,med,low,unacc
1335,,vhigh,3,,med,med,unacc
1336,low,vhigh,3,4,med,high,acc
1337,low,vhigh,3,4,big,low,unacc
1338,low,vhigh,3,4,big,,acc
1339,low,vhigh,3,4,big,high,acc
1340,low,vhigh,3,more,,low,unacc
1341,low,vhigh,3,more,small,med,unacc
1342,low,vhigh,3,more,small,high,acc
1343,low,vhigh,3,more,med,low,unacc
1344,low,vhigh,3,more,med,med,acc
1345,low,vhigh,3,more,med,high,acc
1346,low,vhigh,3,more,big,low,unacc
1347,low,vhigh,3,more,big,,acc
1348,low,vhigh,3,more,big,high,acc
1349,low,vhigh,4,2,small,low,unacc
1350,low,vhigh,4,2,small,med,unacc
1351,low,vhigh,4,2,small,high,unacc
1352,low,vhigh,,2,med,low,unacc
1353,low,vhigh,4,,med,med,unacc
1354,low,vhigh,4,2,,high,unacc
1355,,vhigh,4,2,big,low,unacc
1356,low,vhigh,4,2,big,med,unacc
1357,low,vhigh,4,2,big,high,unacc
1358,low,,4,4,small,low,unacc
1359,,vhigh,4,,small,med,unacc
1360,low,vhigh,4,4,small,high,acc
1361,low,vhigh,4,4,med,low,unacc
1362,low,vhigh,,4,med,med,acc
1363,low,vhigh,4,4,med,high,acc
1364,low,vhigh,4,4,big,low,unacc
1365,low,vhigh,4,4,big,med,acc
1366,low,vhigh,4,4,big,high,acc
1367,,vhigh,4,more,small,low,unacc
1368,low,vhigh,4,more,small,med,unacc
1369,,,4,,small,high,acc
1370,low,vhigh,4,,med,low,unacc
1371,low,vhigh,,more,med,med,acc
1372,low,vhigh,4,more,med,,acc
1373,low,vhigh,4,more,big,low,unacc
1374,low,,4,,big,med,acc
1375,low,vhigh,4,more,,high,acc
1376,low,vhigh,5more,2,small,low,unacc
1377,low,vhigh,5more,2,small,med,unacc
1378,low,vhigh,5more,2,small,high,unacc
1379,low,vhigh,,2,med,low,unacc
1380,low,vhigh,5more,2,med,med,unacc
1381,low,vhigh,5more,,med,high,unacc
1382,low,vhigh,5more,2,,low,unacc
1383,low,vhigh,5more,2,big,med,unacc
1384,low,vhigh,5more,,big,,unacc
1385,low,vhigh,5more,4,small,low,unacc
1386,low,vhigh,5more,4,small,med,unacc
1387,low,vhigh,5more,4,small,high,acc
1388,low,vhigh,5more,4,med,low,unacc
1389,,vhigh,5more,4,,med,acc
1390,low,vhigh,5more,4,med,high,acc
1391,,vhigh,5more,4,big,low,unacc
1392,low,vhigh,5more,4,big,med,acc
1393,low,vhigh,5more,4,big,high,acc
1394,low,vhigh,5more,more,,low,unacc
1395,low,vhigh,5more,more,small,med,unacc
1396,low,vhigh,5more,more,small,high,acc
1397,low,vhigh,5more,more,med,low,unacc
1398,,vhigh,5more,,med,med,acc
1399,low,vhigh,5more,more,med,high,acc
1400,low,vhigh,5more,more,big,,unacc
1401,low,vhigh,5more,more,big,med,acc
1402,low,vhigh,,more,big,,acc
1403,low,high,2,2,small,low,unacc
1404,,high,2,2,small,med,unacc
1405,low,high,,2,small,high,unacc
1406,low,high,2,2,med,low,unacc
1407,,high,2,2,med,med,unacc
1408,low,high,2,2,med,high,unacc
1409,low,high,2,2,big,low,unacc
1410,low,high,2,2,big,med,unacc
1411,low,high,2,2,big,high,unacc
1412,low,high,2,4,small,low,unacc
1413,low,high,2,4,small,med,acc
1414,low,high,,4,small,high,acc
1415,low,high,2,4,med,low,unacc
1416,low,high,2,4,med,med,acc
1417,low,high,2,4,med,high,acc
1418,low,high,2,4,big,low,unacc
1419,low,high,2,4,big,,acc
1420,low,high,2,4,,high,vgood
1421,low,high,2,more,small,low,unacc
1422,low,high,2,more,small,med,unacc
1423,low,high,2,more,small,high,unacc
1424,low,,2,more,med,low,unacc
1425,low,high,2,more,,med,acc
1426,low,high,2,more,med,high,acc
1427,low,high,2,more,big,low,unacc
1428,low,high,2,more,big,med,acc
1429,low,high,2,more,,high,vgood
1430,low,,3,2,small,low,unacc
1431,low,high,3,2,small,,unacc
1432,low,high,3,2,small,high,unacc
1433,low,high,3,2,med,low,unacc
1434,low,high,3,2,med,med,unacc
1435,low,high,3,2,,high,unacc
1436,low,high,3,2,big,low,unacc
1437,low,high,3,2,big,med,unacc
1438,low,high,3,2,big,high,unacc
1439,low,high,3,4,small,low,unacc
1440,low,high,3,4,small,med,acc
1441,low,high,3,4,small,high,acc
1442,low,high,3,4,med,low,unacc
1443,low,high,3,4,med,med,acc
1444,low,high,3,4,med,high,acc
1445,low,,3,4,big,,unacc
1446,low,high,3,,big,med,acc
1447,low,high,3,,big,high,vgood
1448,low,high,,,small,low,unacc
1449,low,high,3,more,,med,acc
1450,low,high,3,more,small,high,acc
1451,low,high,3,more,,low,unacc
1452,low,high,3,more,med,med,acc
1453,low,high,3,,med,high,vgood
1454,low,,3,,big,low,unacc
1455,low,high,3,more,big,med,acc
1456,low,,,more,,high,vgood
1457,,,4,2,,low,unacc
1458,low,,4,2,small,med,unacc
1459,low,high,4,2,small,,unacc
1460,low,high,4,2,med,low,unacc
1461,low,high,4,2,med,med,unacc
1462,low,high,4,2,med,high,unacc
1463,low,high,4,2,big,low,unacc
1464,low,high,4,2,big,med,unacc
1465,,high,4,,big,high,unacc
1466,low,high,4,4,,low,unacc
1467,low,high,4,4,small,med,acc
1468,low,high,4,4,small,high,acc
1469,,,4,4,med,low,unacc
1470,low,high,4,4,med,med,acc
1471,low,high,4,,med,high,vgood
1472,low,high,4,4,big,low,unacc
1473,low,high,4,,big,med,acc
1474,low,,4,4,big,high,vgood
1475,low,high,4,more,small,low,unacc
1476,low,,,more,small,med,acc
1477,low,high,4,more,small,high,acc
1478,low,high,4,more,med,low,unacc
1479,low,high,4,more,med,,acc
1480,low,high,,more,med,high,vgood
1481,low,high,4,more,big,,unacc
1482,low,,4,more,big,med,acc
1483,low,high,4,more,big,high,vgood
1484,,high,5more,2,small,,unacc
1485,low,,5more,2,small,med,unacc
1486,low,high,5more,,small,high,unacc
1487,low,high,5more,2,med,low,unacc
1488,low,,5more,2,med,,unacc
1489,low,high,5more,2,med,high,unacc
1490,low,,5more,2,big,,unacc
1491,low,high,5more,2,big,med,unacc
1492,low,high,5more,,,high,unacc
1493,low,high,5more,4,small,low,unacc
1494,low,high,5more,4,small,med,acc
1495,low,high,5more,,small,high,acc
1496,low,high,5more,4,med,low,unacc
1497,low,high,5more,4,med,med,acc
1498,low,,5more,4,med,high,vgood
1499,low,high,,4,big,low,unacc
1500,,high,5more,4,big,med,acc
1501,low,high,5more,,big,high,vgood
1502,low,high,5more,more,,low,unacc
1503,low,high,5more,more,small,,acc
1504,low,high,5more,more,small,,acc
1505,low,high,5more,more,med,low,unacc
1506,low,high,5more,more,med,med,acc
1507,low,high,,more,med,high,vgood
1508,low,high,5more,more,big,low,unacc
1509,low,high,5more,more,big,med,acc
1510,low,high,5more,,big,,vgood
1511,low,med,2,2,small,low,unacc
1512,low,med,2,2,,med,unacc
1513,low,med,2,2,small,high,unacc
1514,low,med,2,2,med,low,unacc
1515,low,med,,2,med,med,unacc
1516,,med,2,2,med,high,unacc
1517,low,med,2,,big,,unacc
1518,low,med,2,,big,med,unacc
1519,low,med,2,2,big,high,unacc
1520,,med,2,4,small,low,unacc
1521,low,med,2,4,small,med,acc
1522,,med,2,,small,high,good
1523,low,med,2,4,med,low,unacc
1524,low,,,4,med,med,acc
1525,low,med,2,4,,high,good
1526,low,med,,4,big,low,unacc
1527,low,med,2,4,big,med,good
1528,low,med,2,4,big,high,vgood
1529,low,med,2,more,,low,unacc
1530,low,med,2,more,small,med,unacc
1531,low,med,2,more,small,high,unacc
1532,low,,2,more,,low,unacc
1533,low,med,2,more,med,med,acc
1534,low,med,2,more,med,high,good
1535,low,med,2,more,big,low,unacc
1536,low,med,2,,big,med,good
1537,low,med,2,more,big,high,vgood
1538,low,med,3,2,small,,unacc
1539,low,med,3,2,small,med,unacc
1540,,med,,2,small,high,unacc
1541,low,med,3,,med,low,unacc
1542,low,med,3,2,med,med,unacc
1543,low,med,3,2,med,high,unacc
1544,low,,3,2,big,low,unacc
1545,low,med,3,2,big,med,unacc
1546,low,med,3,2,big,high,unacc
1547,,med,3,,small,low,unacc
1548,low,,3,4,small,med,acc
1549,low,med,3,4,small,high,good
1550,low,med,3,4,med,,unacc
1551,low,med,3,,med,med,acc
1552,,med,3,4,med,high,good
1553,low,med,3,4,big,,unacc
1554,low,med,3,4,big,med,good
1555,,med,,4,,high,vgood
1556,low,med,3,more,small,low,unacc
1557,low,med,3,more,small,med,acc
1558,low,med,3,more,small,high,good
1559,low,med,3,more,med,low,unacc
1560,low,med,3,more,med,,good
1561,low,med,3,more,med,,vgood
1562,low,med,3,more,big,,unacc
1563,low,med,3,more,big,med,good
1564,low,med,3,more,,high,vgood
1565,low,med,4,2,small,low,unacc
1566,low,med,4,2,,med,unacc
1567,low,med,4,2,small,high,unacc
1568,low,med,4,2,med,,unacc
1569,low,med,4,2,med,med,unacc
1570,low,med,,,med,high,unacc
1571,low,,,2,big,low,unacc
1572,low,med,4,2,big,med,unacc
1573,,,4,2,big,high,unacc
1574,low,med,4,4,small,low,unacc
1575,low,med,4,4,small,med,acc
1576,low,med,4,4,small,high,good
1577,low,med,4,4,med,low,unacc
1578,,med,4,4,med,med,good
1579,low,med,4,4,med,,vgood
1580,low,med,4,4,,low,unacc
1581,low,med,4,4,big,med,good
1582,low,med,4,4,big,high,vgood
1583,low,med,4,more,small,low,unacc
1584,low,med,4,more,small,med,acc
1585,low,med,,more,small,high,good
1586,low,med,4,more,med,low,unacc
1587,low,med,4,more,,med,good
1588,low,med,4,more,med,high,vgood
1589,low,med,4,more,big,low,unacc
1590,low,med,4,more,big,med,good
1591,low,med,4,more,big,,vgood
1592,low,med,,2,small,low,unacc
1593,low,,5more,2,small,med,unacc
1594,low,med,5more,2,,high,unacc
1595,low,med,,2,med,low,unacc
1596,low,med,,2,med,,unacc
1597,low,med,5more,2,med,high,unacc
1598,low,med,5more,2,big,,unacc
1599,low,med,5more,2,,med,unacc
1600,low,med,5more,2,big,high,unacc
1601,low,med,,4,small,low,unacc
1602,low,med,5more,,small,med,acc
1603,low,med,5more,4,small,high,good
1604,low,med,5more,4,med,low,unacc
1605,,med,5more,,med,,good
1606,,med,5more,,med,,vgood
1607,low,med,5more,4,big,low,unacc
1608,low,med,5more,4,big,med,good
1609,low,med,5more,4,big,high,vgood
1610,low,med,5more,more,small,low,unacc
1611,low,med,5more,more,small,med,acc
1612,low,med,5more,more,small,high,good
1613,low,med,5more,more,med,low,unacc
1614,,med,5more,more,med,med,good
1615,low,med,5more,more,med,high,vgood
1616,,med,5more,more,big,low,unacc
1617,low,med,5more,more,big,med,good
1618,low,med,5more,more,big,high,vgood
1619,low,low,2,2,small,low,unacc
1620,low,low,2,,small,med,unacc
1621,low,low,2,2,small,high,unacc
1622,,low,2,2,med,low,unacc
1623,low,low,2,2,med,med,unacc
1624,low,low,2,2,med,high,unacc
1625,,low,2,2,big,low,unacc
1626,low,low,2,2,big,med,unacc
1627,low,low,2,2,big,,unacc
1628,low,low,,4,small,low,unacc
1629,low,low,2,4,small,med,acc
1630,low,low,,4,small,high,good
1631,low,low,2,4,med,low,unacc
1632,low,low,2,4,,,acc
1633,low,low,2,,med,high,good
1634,low,low,2,4,,low,unacc
1635,low,low,2,4,big,,good
1636,low,low,,4,big,,vgood
1637,low,,2,,small,low,unacc
1638,low,low,2,more,small,med,unacc
1639,low,low,2,more,small,high,unacc
1640,,low,2,more,med,low,unacc
1641,low,low,2,more,med,med,acc
1642,low,low,2,more,med,high,good
1643,,low,2,more,big,low,unacc
1644,low,low,2,more,big,med,good
1645,low,,2,more,big,,vgood
1646,low,low,3,2,small,low,unacc
1647,low,low,,2,small,med,unacc
1648,low,low,3,2,,high,unacc
1649,low,low,,2,med,low,unacc
1650,low,low,3,,med,med,unacc
1651,low,low,3,2,med,high,unacc
1652,low,low,3,2,big,low,unacc
1653,low,low,3,2,big,med,unacc
1654,low,low,3,2,big,high,unacc
1655,low,low,3,4,small,low,unacc
1656,low,low,3,4,small,med,acc
1657,low,low,3,4,small,,good
1658,,low,3,4,,low,unacc
1659,low,low,3,4,med,med,acc
1660,low,,3,4,,high,good
1661,low,low,3,4,big,,unacc
1662,low,low,3,4,big,med,good
1663,,low,3,4,big,high,vgood
1664,low,,3,,small,low,unacc
1665,,low,3,more,small,med,acc
1666,low,low,3,more,small,high,good
1667,low,low,3,more,med,low,unacc
1668,low,low,3,,med,med,good
1669,low,low,3,more,med,high,vgood
1670,low,low,,more,big,low,unacc
1671,low,low,3,more,big,,good
1672,low,low,3,,big,high,vgood
1673,low,low,4,2,small,low,unacc
1674,low,low,4,2,,med,unacc
1675,low,low,4,2,small,high,unacc
1676,low,low,4,2,med,low,unacc
1677,low,low,4,2,med,,unacc
1678,low,low,4,2,,high,unacc
1679,low,low,4,2,big,low,unacc
1680,low,low,4,2,big,med,unacc
1681,low,,4,2,big,high,unacc
1682,low,low,4,4,small,low,unacc
1683,low,,,4,small,med,acc
1684,low,low,,4,small,high,good
1685,low,low,4,4,med,low,unacc
1686,low,low,4,4,med,med,good
1687,low,low,4,4,med,high,vgood
1688,low,,4,4,big,low,unacc
1689,low,,4,4,big,med,good
1690,low,low,,4,big,high,vgood
1691,low,low,4,more,,low,unacc
1692,,low,4,more,small,med,acc
1693,low,low,4,more,small,high,good
1694,low,low,4,more,med,,unacc
1695,low,low,4,more,med,med,good
1696,,low,,more,med,high,vgood
1697,low,low,4,more,big,low,unacc
1698,low,low,4,more,big,med,good
1699,low,,4,more,big,high,vgood
1700,low,low,5more,2,small,low,unacc
1701,low,low,,2,small,med,unacc
1702,low,low,5more,2,small,high,unacc
1703,low,low,5more,2,med,low,unacc
1704,low,low,,2,med,med,unacc
1705,low,low,5more,2,med,high,unacc
1706,low,low,5more,2,big,low,unacc
1707,low,low,5more,2,big,med,unacc
1708,low,low,5more,2,big,,unacc
1709,low,,5more,4,small,low,unacc
1710,low,low,5more,4,small,med,acc
1711,low,low,5more,4,small,,good
1712,low,low,5more,4,med,low,unacc
1713,,low,5more,4,med,med,good
1714,low,low,5more,4,med,high,vgood
1715,low,low,5more,4,big,low,unacc
1716,low,low,5more,4,big,med,good
1717,low,low,5more,4,big,high,vgood
1718,low,low,5more,more,small,,unacc
1719,low,low,5more,more,small,med,acc
1720,low,low,5more,more,small,high,good
1721,low,low,5more,more,med,low,unacc
1722,,low,5more,more,med,med,good
1723,low,low,5more,more,,high,vgood
1724,low,low,5more,more,big,low,unacc
1725,low,,5more,more,big,,good
1726,low,low,5more,more,big,high,vgood
